2K4_NvidiaIntro.ukx,a05ec45792a93bb02d1da247d1554589
Aliens.ukx,f366dc20b68e09bac56558e9e4f5e191
AS_VehiclesFull_M.ukx,526281a6054227e8a4ee7372c0b50426
AS_Vehicles_M.ukx,2897b0558e8d97cb33ff36c153395d08
Bot.ukx,53b2fed5d5c427aa5cad9e2716124ec7
Cannons.ukx,f5dffec7d3b6eff81a42db71c00d2eb9
CBP2_GothGirlAnim.ukx,935a34e691fff9edc8c8ec32f468bc61
DemoFemaleA.ukx,c46448123672ce7f60d07316f1a22796
DemoMaleA.ukx,0e210a3272910bb208a993665d9dc01b
GenericSD.ukx,88486116856064578bb5749742f40913
glumpf.ukx,85605c04b63b80d1506494ae6362e387
Hellions.ukx,db9828e25688b921d19a8afb0ce0db36
HumanFemaleA.ukx,ca894c114c06ed62847a1908f2cc137e
HumanMaleA.ukx,d7a3745bc7001c868ac101e3ab67e475
intro_brock.ukx,e6a343cff93519080d53d2db1141288c
Intro_brockfan.ukx,15d0829c6b6ca4fa5976194fd1c3be94
intro_crowd.ukx,7846d2e84efffad44c20c85c6cbecad0
Intro_gorge.ukx,ca306419b508b20cfeeb010cd83b746c
Intro_gorgefan.ukx,3fb59b7f8f3e6bdfc2be4ba12056b048
intro_jugchick.ukx,02b658c8784e8b03697215a411fb98c8
intro_lauren.ukx,9403628bcd0c218c2e6ea1524b9b6f53
intro_malcom.ukx,26dc761107ad6e2ed6bdf1da8409edf5
intro_nikoli.ukx,989e114ada3081f8fd39968bf9aab93a
Jugg.ukx,f16b6116aeba82fc10cb75c5aba2661d
MechaSkaarjAnims.ukx,7836f3b4b1b9836f4b80c4cbc39e1fa7
Merc_intro.ukx,a72a792ca6d10d1059f55ea07b5e912a
MetalGuardAnim.ukx,1920da5831c1c7d36fdd7412e68bbe7d
NecrisAnim.ukx,620b2900f3f6cdbae9cce2f736fc4e2a
NewNightmare.ukx,8e5b89d5c773f0a167b027ca563576cd
NewWeapons2004.ukx,f1467ed45642e1d1bb608443b49229e4
NvidiaGorge.ukx,2a25d42ef82cc2cadfb4d04bc82e7dbf
ONSBPAnimations.ukx,c64ab49910aa5c90a8fb65c3f01b2b90
ONSFullAnimations.ukx,a2310510be2ba2db097bae50951daa35
ONSNewTank-A.ukx,f1252647551b508830c42b9bc73ac08b
ONSVehicles-A.ukx,9e0065a140b1f01fda666f2ca46837ca
ONSWeapons-A.ukx,bc31172bb50361d4348f4388c0638e9e
Scene3_Garrett.ukx,7646f75b2ce87753b9a119403d4a9bb9
Scene3_Gitty.ukx,2d14f2789b26ebc9695635df5301eb22
Scene3_Jacob.ukx,383c15a91db69329cef564aa52221653
Scene3_Kane.ukx,41f648c2e4e2acd6e2b2cafe02b53779
Scene3_Malcom.ukx,fe1da164cad6cc65e6fc39bffe368ab6
Scene3_Rae.ukx,8d681a04d5bcfd85bb6a91c26211df2a
SkaarjAnims.ukx,24b8f99aef24a7b47109fbfb7c8808cf
Skaarj_intro.ukx,2622c93d56d02f5146b8b28df6b42b86
SniperAnims.ukx,080d1f4f59850d285164327a5ed8e2ac
Sniper_customEE.ukx,be64e244734bea0932cd65c342f13c7b
StreamAnims.ukx,65eb41f82439982fac1e3cc4c8281b32
ThunderCrash.ukx,8a822529a19bf029ad33ca79a35c3eaa
UCMPWepAnim.ukx,3d13c5d9d58ac09dbb127b022a486d6d
Weapons.ukx,746d1546b081597f9dfc0a0c5bc46d74
XanRobots.ukx,1f90774745ca00113fa3c03690967206
Alien.ka,d9ab3f5784cfe156c575f55797fd8dee
Bot.ka,e0f575f3d19bfaa0d88bd5891fb23961
Human.ka,1953114b26bc884c31321c791e22cbd8
intro.ka,5e71b15ebf748bf12070358fdfbe69ac
jugg.ka,2fb9b9d84a116cf2cbd470727021bac8
Skaarj.ka,2204714cd3a3e4944f8f9969c73c63cc
AS-BP2-Acatana.ut2,bdc0aa73e08f3584949a8a7c33fdff90
AS-BP2-Jumpship.ut2,5e950f707af33cd15b6fd270ca2c6ac4
AS-BP2-Outback.ut2,03499e69b8da7263873624f039745d9b
AS-BP2-SubRosa.ut2,506af53e583540b0696b822df912a5c8
AS-BP2-Thrust.ut2,e07c3b3b9f71877a7872063c21810b91
AS-CBP2-Thrust.ut2,3524b29ebbaee6b06de61b839f75175c
AS-Convoy.ut2,6df00d73fcedaf13e1998390836d9bdc
AS-FallenCity.ut2,21ba914793457138ec423e53ba9649ba
AS-Glacier.ut2,c98522507732c30eac415847c772ffdc
AS-Junkyard.ut2,8c1827ae67d0d97df28871ae92b630c0
AS-MotherShip.ut2,9577da926db8f7e44e4f5a033bf889e1
AS-RobotFactory.ut2,7b31f60d2f918150b28371fb772933d1
AS-UCMP2-Cruciatus.ut2,3980b9eee8bd7b51a87a73521aba00c1
AS-UCMP3-IslandStrike.ut2,aa60907d77a4a860ba7a2499b1f42c84
BR-Anubis.ut2,8caa3d5b1ab1f2d52acf270fab0835e6
BR-Bifrost.ut2,ae9a1e2a75424cf1bb6fc85ab170477b
BR-BridgeOfFate.ut2,aa91a28ec2eefe6fbc36d64ec59e7280
BR-Canyon.ut2,e55e4c8344ba96fc350ec7365f3bbdb6
BR-CBP2-Aquarius.ut2,2048c6eeccfecb1771f408ddebf93062
BR-CBP2-Bahera.ut2,095f4eac60e2d50c9a9084345c3f6170
BR-Colossus.ut2,15055dc551b85759a3c2f99c55a732cb
BR-DE-ElecFields.ut2,4e8cf9e54a60ee05b02bfcdcb1069e3c
BR-Disclosure.ut2,43c12671336f1fda538546b5684a7178
BR-IceFields.ut2,66fb8b3363f8eda1853826fb2c3f71af
BR-Serenity.ut2,08496d9d0e5bfd69522287c134fc7789
BR-Skyline.ut2,550d5b4fc025008b6e011a8d81211cbb
BR-Slaughterhouse.ut2,43a62e33aac0508a8aaf8f70215afa34
BR-TwinTombs.ut2,bfd3486e4280d3ed8fe6a62e4fb97c8c
BR-UCMP2-Sublimity.ut2,7cd3195e645c8c3950e8abad9ccd002b
CTF-1on1-Joust.ut2,6b1fe9f785245282b8ceb59a2c3fe18e
CTF-AbsoluteZero.ut2,84c2e74c257e020409fa4a6ff9c3b81c
CTF-Avaris.ut2,3c84d8abedac84c3eb6a586bab4e1c8c
CTF-BP2-Concentrate.ut2,2bbd4eef091788dff191cb93028cbea0
CTF-BP2-Pistola.ut2,363ae86514bcf53a0c8c53745a7b5218
CTF-BridgeOfFate.ut2,c9e58ce6c164d3df569b0ee1b6f06db0
CTF-CBP2-Bahera.ut2,6154897afc16f169fff340d18c6300a5
CTF-CBP2-Botanic.ut2,5144bc7c3e3f273d5a5bdf4db54cf27a
CTF-CBP2-Decadence.ut2,3bcbd489d6d9001180135c390189ea34
CTF-CBP2-Deep.ut2,97ae2cabcc6adcd047989942aa80c0db
CTF-CBP2-Gazpacho.ut2,2bff6d22142fadfe45b39ffe9e6cdc49
CTF-CBP2-Pistola.ut2,6ae47f6193f9190fb7ff12d791445dec
CTF-CBP2-Skorbut.ut2,9e45383c4a99cec2e53e022c0071e921
CTF-Chrome.ut2,3a744ede1ab3ec3019bcc2510bbdfbb0
CTF-Citadel.ut2,ea6534d2469dcb6a63bda319e42cd2cb
CTF-Colossus.ut2,d3f8e8fc34d25b51e82e5ba6c479752a
CTF-DE-ElecFields.ut2,d47cc225e8c9191d7457af9933e49ee8
CTF-December.ut2,d8b417f062391160f1b092fc98c7652f
CTF-DoubleDammage.ut2,3357039f8b78913a60148cd2adb1bcc7
CTF-Face3.ut2,65c433b07436ead678d053e338950777
CTF-FaceClassic.ut2,6ec72a903388842529d10abbb5f97d5f
CTF-Geothermal.ut2,13d7627aba6dbaa19fb91ad84bb7df73
CTF-Grassyknoll.ut2,f594353009a0e6df1dc16e0268d6eed3
CTF-Grendelkeep.ut2,128048cd4c46bacddf7a7286e32b57bf
CTF-January.ut2,bfb231c923ce9c8f70dac0a68cda08db
CTF-Lostfaith.ut2,9874da39f05783d494febdc63eb54631
CTF-Magma.ut2,34706a6c805d6179433a8cbf939b614c
CTF-Maul.ut2,3e8b22e791c3552d503833a7d57af32b
CTF-MoonDragon.ut2,4c1430130b5d2af88090dc2139e84036
CTF-Orbital2.ut2,aa1429183302893f07c4cd1d450616b4
CTF-Smote.ut2,bced2b79864d5b3f9e184e717764c969
CTF-TwinTombs.ut2,1ace7726c32b717c61ccb82862ed2c1e
CTF-UCMP-Aithanarid.ut2,17473584682b3dbfa0e0b38b65dfca86
CTF-UCMP-Aquatica.ut2,8677d4aac3878e4b0cf91d3448f2e011
CTF-UCMP-DecaneCaldera.ut2,ece4bced0f506909ff7475f88a2c618e
CTF-UCMP2-Campgrounds.ut2,a6141003efecfee1bf45809d47c55a7a
CTF-UCMP2-Enlightenment.ut2,3dd2911086fc067a31a2bd18a1be649a
CTF-UCMP2-Orcus.ut2,1948c64e8edaa9bb5b29b1f17ea9832b
CTF-UCMP2-RottenCity.ut2,c30ebf7263860601cca2ca7322a956a5
CTF-UCMP2-Sublimity.ut2,0aaed3c2eb4259fd5befa5166468834b
CTF-UCMP2-Vadamerca.ut2,4054bc71251daa0b0428831c0f95d96b
CTF-UCMP3-Tidal.ut2,e2f5c9818a1e2f1db022e9fa8399e91b
CTF-UCMP4-Talya.ut2,0708c481aed7d83f46340e7e1f5ff734
CTF-UCMP4-Virility.ut2,c4c6634b78bd9bb712ef71bbaf9cb381
DM-1on1-Albatross.ut2,b42f1dfa3947929a5ebfff54039644ef
DM-1on1-Crash.ut2,d61e614f4e966b6d5aad32c21d91018b
DM-1on1-Desolation.ut2,d0786c7290ab4691aa4337d8b3da1dea
DM-1on1-Idoma.ut2,af4af19675efba479f556d56a8142c62
DM-1on1-Irondust.ut2,0a44599ab2cf4e629b6dc0f44866d6f4
DM-1on1-Mixer.ut2,4053ecfb327ffe5c4697cd85c461da0f
DM-1on1-Roughinery.ut2,ac5865a769e260fc8a94d0524a97d81a
DM-1on1-Serpentine.ut2,121423b477ef7a3359525ccbf179cb00
DM-1on1-Spirit.ut2,6cb90e933361e1e276d740c7b7a6f1cd
DM-1on1-Squader.ut2,8ae639803d83165b5a74950743f553a7
DM-1on1-Trite.ut2,04f4cb9970bfc5413c9246e88dde93ef
DM-Antalus.ut2,032b629ab11bfe1291d029f569287703
DM-Asbestos.ut2,2239a28c7823a6cf6c2008f1b6087dac
DM-BP2-Calandras.ut2,b3ead46227c7a6beaa882dd3eba5e97c
DM-BP2-GoopGod.ut2,0c4013e1092640bab8abc0d1767a63ef
DM-CBP2-Achilles.ut2,6fa95c880d1720ae33a526978ff46842
DM-CBP2-Archipelago.ut2,a78f07ebf1d56f5eabdc676c87d0a446
DM-CBP2-Azures.ut2,c1327025cddc053b8dd0c8de13123199
DM-CBP2-Buliwyf.ut2,c335eaf95ff1999997fe13584c110c26
DM-CBP2-Drakonis.ut2,61ad2626ad6caf5ca474e124004a8d52
DM-CBP2-Griffin.ut2,c53c543cc56848ed060d5beffce8b089
DM-CBP2-Kadath.ut2,cded9b31c2709591bd78710afa6740d5
DM-CBP2-Kerosene.ut2,3ec8d85810d0b96b8f47e71adf805296
DM-CBP2-Khrono.ut2,846350b5ce550b9e4dd72e18be4725df
DM-CBP2-KillbillyBarn.ut2,d4dc0d461220d6e740cca33a30fbf9a1
DM-CBP2-Koma.ut2,154829e997298ddf486a6b88900c5b9e
DM-CBP2-KroujKran.ut2,a59e0f935b1d10182d5ee94575042f2c
DM-CBP2-Masurao.ut2,52672a3456b92da1afd051d1188e5312
DM-CBP2-Meitak.ut2,30f9198a7953c2f8a218feb77dc0de6a
DM-CBP2-Niflheim.ut2,435044bc7022ebf60e50eaf5471b3f9f
DM-CBP2-Reconstruct.ut2,36ec423c48b9cd0a950b36d7704297a8
DM-CBP2-Summit.ut2,752576efe625e5261ec2d59059e465eb
DM-CBP2-TelMecoMEX.ut2,b69c514350f86bc18ee54d578d5a0b8d
DM-CBP2-Tempest.ut2,73beeaff4919762b92840056e56ec51b
DM-CBP2-TensileSteel.ut2,2fa6d5c25ac205b88eea5780fd69e7b8
DM-CBP2-Torkenstein.ut2,edb776e403cbb2ba9df43e281eed8755
DM-CBP2-Tydal.ut2,0abc00b723ba279ae610403d7996e504
DM-Compressed.ut2,adcbb2267bf219b66f7c4cfe18ff0342
DM-Corrugation.ut2,f4f9fa334eef036101b8667bbaf8c96c
DM-Curse4.ut2,3aec59770698d27d57f8a621bfdbbb41
DM-DE-Grendelkeep.ut2,ccd9f7d390d792b6ef5ce7beaf4aa556
DM-DE-Ironic.ut2,ae8d040e267f924b0421a284fd1b5be9
DM-DE-Osiris2.ut2,4c7a0dd8208dedc4e7429526bd76f574
DM-Deck17.ut2,4ef477cb738b4c98e05bb1ac2d34e8fe
DM-DesertIsle.ut2,43866be54b87b43fd67b45c1492fae2f
DM-Flux2.ut2,71484df21dc100973a2fbd2ba6294989
DM-Gael.ut2,f42223b708361e80ee06877bde99f08b
DM-Gestalt.ut2,13408dc74a79ed0a1848ee58c415d8bc
DM-Goliath.ut2,e0c5cc2fe03e07a8df854ea7b4c1e8e3
DM-HyperBlast2.ut2,398ce177a17c97a5100f08ba82425d96
DM-Icetomb.ut2,8853e6e6e631d6924f677f68cafdce24
DM-Inferno.ut2,5175f69f789d3df3ddbaaeaaefbba038
DM-Injector.ut2,b091403e603898319d33a5473d22f9e6
DM-Insidious.ut2,84336dc368a1430fac4f98bf905d922f
DM-IronDeity.ut2,b83a481e47ad0229a7c84a4b691ddb36
DM-Junkyard.ut2,76f722e24cfe6eca40ad4e0bff28b57a
DM-Leviathan.ut2,34b5b4ec6ba5aeef50ca7597f60c0bff
DM-Metallurgy.ut2,527ab55006c93ae19a12527957d6689e
DM-Morpheus3.ut2,5f9921382a4ff9287ef243ca0ff4c722
DM-Oceanic.ut2,559d291187b556c837203af76e458055
DM-Phobos2.ut2,a6e5546dfd83ac472ec1d31a48a11d74
DM-Plunge.ut2,0aba03d542f8cde0eac6e39b699ee91f
DM-Rankin.ut2,bba95c7c30cb5de763accaa19b9d5377
DM-Rrajigar.ut2,fedd89a227fd30ee2ca236cafc8ba200
DM-Rustatorium.ut2,27a8a0408995946d705345a3fee97ea7
DM-Sulphur.ut2,7b904d6405106ed2845518514285d90e
DM-TokaraForest.ut2,f9fd9e33678cb994170bcdee952d000a
DM-TrainingDay.ut2,90e3e93708d29e272bfd13fee870978e
DM-UCMP-1on1-Derelict.ut2,266ba4dfe60063d6d5ee9400664d76a9
DM-UCMP-BloodRun.ut2,c4fb0ecacf81795ae74caa124717b012
DM-UCMP-Contrast.ut2,4c2769240ec67f72c6e4d4ab48fbf0d8
DM-UCMP-ImMortalis.ut2,f1147b6a7f73af79de298c656753a75f
DM-UCMP-PleasantValley.ut2,2deb46b1051118fe5f12608cd963388d
DM-UCMP-RancidMetal.ut2,ee3f27b2b0cc6d336335b12d7636c665
DM-UCMP-ThePits.ut2,51004b41790edaf27093f6571062d0d2
DM-UCMP-Xanadu.ut2,fbcf8b112311c20556fb5f47711ed332
DM-UCMP2-Adamantium.ut2,f3d6c8f3e56531ecc0a67b30e19cbbbf
DM-UCMP2-Churn.ut2,dde3deef31bcb5d612fa53d4fbca51bc
DM-UCMP2-Dynarak.ut2,e5e2c011d25e3a2af721e1440a0db0e4
DM-UCMP2-Hieron.ut2,a13f00e5385a510a8a355049ec1d2743
DM-UCMP2-Saiko.ut2,c304b317f7e8efec5fb63dec226189b1
DM-UCMP2-Taron.ut2,d5bd833bc0744e2853e771993a387b2a
DM-UCMP2-Thebes.ut2,d850b06a2c423a5f951614f94c0b5b15
DM-UCMP3-Altitude.ut2,1ccae126adf4a296b2e945c8ea4e7793
DM-UCMP3-Gantham.ut2,05e04ed04b26cd155768f69062a4a5eb
DM-UCMP3-Glorian.ut2,31545c85e0819fa4be5f9f7ad17bf00e
DM-UCMP3-Sympathy.ut2,93e720da6a3cf94bbc9672653990bc23
DM-UCMP4-Elucidation.ut2,67c15f8a305bc1d952fc215d74a13dfd
DM-UCMP4-Mania.ut2,125db084fc5ae1e1bc31c11e213e7b50
DM-UCMP4-Propaganda.ut2,09b01fbb3365fcb8bd808e87b99c2600
DM-UCMP4-Speos.ut2,2462b6f34098f0d7ed985e821823026a
DOM-Access.ut2,d8e4a090879e98da15fbac6c7c805a06
DOM-Aswan.ut2,82d84df5acdcbecd8d54fd3bbc63c351
DOM-Atlantis.ut2,328ea4780467d4078dce2d6891254ab3
DOM-CBP2-Gerroid.ut2,4b83739754e8bef6880c50285c2a0da2
DOM-CBP2-Summit.ut2,56d14265c74603007de845c17b9920bc
DOM-Conduit.ut2,70255f94fff3f1f55aab9b396339451a
DOM-Core.ut2,98b0c41fe6be49e63156f67f3a14b03b
DOM-Junkyard.ut2,aa8e3037e210153d4978a1fc49460a1f
DOM-OutRigger.ut2,0c6298c5961f7d151bc67207912c4cd9
DOM-Renascent.ut2,ad9f1df97cfd64fcac1d6a80074fcbea
DOM-Ruination.ut2,c33d012e1820349a75e76a00adc1a6e9
DOM-ScorchedEarth.ut2,451d4fd8ab7647d07753a307dcadc122
DOM-SepukkuGorge.ut2,00a3b3c72cbc46738e98f6648d0a175d
DOM-Suntemple.ut2,a62f679c0556789dec90130f8dfbb397
DOM-UCMP-Cerebral.ut2,423a538d079e4220eddec16341a14958
DOM-UCMP2-1on1-Smelter.ut2,ae64ec77bd8d8d98cb0f52fa375ad5f7
DOM-UCMP2-Meskhenet.ut2,1fed48931a4f83bb8df47f04aad4b96a
endgame.ut2,85423c697157aa1795def490e7ba4805
Entry.ut2,16e44640d112697a78ed6284cf7a23ed
Mov-UT2-intro.ut2,959b657bd9feebcb8ae5ffdfc7da8cde
MOV-UT2004-Intro.ut2,33c59cd952b909ac681349a6afe8ab05
NoIntro.ut2,3590983cd0fbb1c1c2239b56db936a5f
NvidiaLogo.ut2,514e288a534af7aa90959348c250379f
ONS-Adara.ut2,04e5ce99c4e4ee00fc5ff48d6f4c61ef
ONS-ArcticStronghold.ut2,606c3b3954d3f298e7eaffca011f0730
ONS-CBP2-Argento.ut2,d9a3ac9060d2c148375d5e83c1071aa6
ONS-CBP2-Brassed.ut2,18391f7f18140320ab15a5edc7a58cd3
ONS-CBP2-Mirage.ut2,70b8003a047fffb4a717e65a5a4babf2
ONS-CBP2-Pasargadae.ut2,dd56a587bc236fb566ea11b99770c9ad
ONS-CBP2-Tropica.ut2,c4fe08c6427ed87721fb7ddb3fa0b745
ONS-CBP2-Valarna.ut2,c62bb7822345f3498353c29702c106fa
ONS-CBP2-Yorda.ut2,ae840cbece86aa4d4279a629194816a1
ONS-Crossfire.ut2,046a104605607eb6fd30d021d6b0d64f
ONS-Dawn.ut2,3fd2bdd3578cb911db7a3caf21f606ec
ONS-Dria.ut2,b33d763dcfba50e9614a3e3db3f56898
ONS-FrostBite.ut2,0a7d5e59831485fd062e0f6374eff24f
ONS-IslandHop.ut2,0e4a8d418ac506e07438b9e3e30fa539
ONS-Primeval.ut2,4309950fa32c54b295cdf7a99e0b3dc6
ONS-RedPlanet.ut2,cb83d4569c66db0d63e7accd3f78f579
ONS-Severance.ut2,0c56d9a44ba45c7a7744ab567f0a019a
ONS-Torlan.ut2,663a7e84a2aa951644858a9c6c5fa353
ONS-Tricky.ut2,b7efa1c47f378513829fc9053666dac0
ONS-UCMP-ABC-ECE.ut2,32b309227bf16c659dbf64aafb626839
ONS-UCMP-ABC.ut2,86bb9912fb1dd4d48e5bfe9e978b256f
ONS-Urban.ut2,0a55185f4f109a01fa140a2962fbdedc
ParticleExamples.ut2,55d25a77c1ce4fcd295f6102ff081c5e
TUT-BR.ut2,81a29a808ffcaab116b009898cec3c89
TUT-CTF.ut2,7dbf9303cb8a684e154382c79a4e1491
TUT-DM.ut2,fa111869092394d03c2e8983a6f2af44
TUT-DOM2.ut2,a45ff349eb0342dbe7e76d4d38c04aa7
TUT-ONS.ut2,f0b932a8ae9ec415af77228cde7ab606
VCTF-UCMP2-RiverCanyon2.ut2,e54920f2144477bf72f95dad62da94ef
2K4MenuSounds.uax,d3a93bf30556e5c65caff8c1d0ae165d
AlienMaleTaunts.uax,776a9dd24b21f356c7f762738ffa8173
AmbCity.uax,6bb4695a52c28dca42dfff194996824b
AmbModern.uax,fd4eb6f4b366296cbfae74f9eb1f1a14
Announcer.uax,749572bc98d6b9a7aa8bb4c0e229cb37
AnnouncerAssault.uax,48abe5567476642701d9eeb4685eabe5
AnnouncerAssault_DEMO.uax,affc0d110e7255ff5469285a890c1b0b
AnnouncerClassic.uax,d68acfed1ba6af7e1eea7e4e8337c0ac
AnnouncerEVIL.uax,a7e6fdf7906a72329a570594f8d7a1a8
AnnouncerFemale.uax,9cc7eebac7686f22369398f22a80e0e1
announcerfemale2k4.uax,025399a818681de88aad3e35968e4fc5
AnnouncerLong.uax,35a9cb0488eacc46203a8a1696d93c8f
AnnouncerMain.uax,944d54b70228a6066d9d77a10468f094
announcermale2k4.uax,b5d3ca76af0c430404111ae5150fa665
AnnouncerNames.uax,7cb1b249c0f90f07e4b988f13cc17c4e
AnnouncerSEXY.uax,616e3415089452dc89048597c6165bc0
AssaultSounds.uax,2dbefa1e4943cd66994e4d01cb6aaca8
A_Announcer_BP2.uax,4333372aa0359d444785c1080c1af8f7
CicadaSnds.uax,2a73cb8eb0ecc348fec3d04e590eed0d
CustomMovers.uax,2101612659acfa220f2937c77f24c097
DistantBooms.uax,619b12592cb5ea68ab3090c475bdd63a
EndGameAudio.uax,25705757b26a0020d4290ae44242a5b3
GameSounds.uax,d336081f01c251b545eaab963b7a4134
GeneralAmbience.uax,ac809d06dc39b9243dc1a38c4a5a0314
GeneralImpacts.uax,09f449b69200193d26bf9d4af652f8ba
IndoorAmbience.uax,189a61a198c8741ebccdf04137dd3b64
IntroAnnouncers.uax,48a77f4af71ac7b939de439225cb8ae0
IntroSounds.uax,42b45af41196de57dad90ad2c9dc8a70
IntroTrack.uax,b8c8ae104fe04b8b9a9e24d8bf73442c
JWDecemberSnd.uax,e6512b6fc1772dff1e482d4a06821bd3
Male2Voice.uax,a7427fd50ce5d3e9b256f2817c5e6401
MenuSounds.uax,0685658712afc216dfa11bd7c4501f7b
MercFemaleTaunts.uax,66ee14a0e4eb242e89cc2fb8d5882296
MercMaleTaunts.uax,ab136cc185869852bbaf85cfdf4131f4
NewDeath.uax,7373b2b1dc3ee5b52454e5df8ca216a8
NewTutorialSounds.uax,827da05be7711a9bd126ccc1f421d41b
NewWeaponSounds.uax,426358c5ca0ee5aba4a639fb1e65d4cf
NvidiaLogoSounds.uax,e6b1a11e5d0603d8699a01fe1f88c511
ONSBPSounds.uax,e94459edcc242c5e1818f50fc8c309b2
ONSVehicleSounds-S.uax,f324f3409f4d269f7f2177abf40e680d
OutdoorAmbience.uax,52791e4276cf04625b6b76053ee18fe9
PickupSounds.uax,719ad9e2b52d60deb877b49de1957735
PlayerFootSteps.uax,dad454b226faa55625a32a930bf3364c
PlayerSounds.uax,8c9b15762b44da77792d9515b6a0f3b0
SlaughterSounds.uax,d48dc4beeaf9f83f8f3240911597a4ac
TauntPack.uax,6ea806e8307734aacd2f2659ef671d3a
TestCarS.uax,21884a861f48ee26c7bcbe4680c5c7b0
TutorialSounds.uax,762cebc8fdc3983e0459e3b3efcc4c53
VMGeneralSounds-S.uax,b19c06e618d94577aa4e082d4d084e19
VMVehicleSounds-S.uax,0e09c1c4e535b856e95332c3c30d381b
WeaponSounds.uax,18a19eed7925fb6ed636d1f3f92e29dd
wm_sounds.uax,5f9991a7b24f88c66dc537d1af81744b
2K4chargerMESHES.usx,56092d18b7faa4546b48420ddfad13eb
2k4Trophies.usx,3c3f5974c5fe52a37b7f9faef1ae7b03
2K4_Nvidia.usx,0353618b5d60c344cc638a27add6fe17
AbaddonHardware.usx,4416153984e1116d0bacc39259fe0b42
Albatross_architecture.usx,0ced0b6985c9b61afb7b0d1b8f0800e2
AlienBrushes.usx,25819c5a5bc5553185ab2421a43496d4
Aliencrystal.usx,7f27be3f163ad2a8daf34a06bda76d44
AlienTech.usx,5046dcaceb8302f9ac708aaf7f2533b6
AlleriaHardware.usx,c6c4eb01e8ac00243438c00d79e0c6d7
AMc-UCMP-Enlightenment-SM.usx,6df6dfcd964b107c33f6c1142bde2dbe
AntalusStatic.usx,80ee25b2d3d3a70b28c1d425e3cdd62d
antimatter_container.usx,29c4643c761e0f963264a6294c9dacde
AnubisStatic.usx,390b0d2b4c787b8f36fcb5c888efe1a0
ArboreaHardware.usx,674434fed87e2d962eac412bef3c4fbf
ArboreaLanscape.usx,1128fbf4bea7f7e65e28ae3d6677b961
AS_Decos.usx,6379f8583f27baded47f1b1186b46659
AS_Vehicles_SM.usx,56053011d33c48dafb88f8bb94d42469
AS_Weapons_SM.usx,019abb60cae4d6582d9ff3d1677d3431
AW-2004Crystals.usx,d0baf539820ccf2a2ac1b335ca413d0e
AW-Bridge.usx,fe2aa4413991253d53fd4f63c53ea9ac
AW-DemoMeshes.usx,09f1d7682087b8b380c5bc2ddeb5cfd2
AW-Junk.usx,1993cb46e2f9b3227ebc3333d17e3881
AW-Junk2.usx,d462cb591047f4d035e4bdd60a8ac42b
AW-MechMeshes.usx,e1a0a29d58b684397e9cf5392e9d88cc
AW-Natural.usx,9b028dd3b46755bd440f37979ff69475
AW-Nature.usx,85f818114ee64504a7d637b817acdc5c
aw-neutral.usx,ade3a760b8566c2b07341586adb87264
AW-PhysicMeshes.usx,fd2225414d1b6ce90c20dc56ef560111
AW-RustMeshes.usx,234ce3c80fb593bd946d0400e737a0b4
AW-Steel.usx,f4e66d108a74019785828d39a2089b01
AW-Tech.usx,72bea46bb60a6dba50a7d4abb359b95a
AWHardware.usx,fd71072acd720b88ecca0a34e429d361
AWMagicHardware.usx,041ca8cb66b15ff87c05a862c9f00fd3
AWPipes.usx,4cfa78562e0a39cf26d9449936423cc8
AWStellarMeshes.usx,ff88a1ac6218357a98a54b2dd1ad7d89
AW_AlleriaHW.usx,e60be3e07c369a9ee41c1690c5f19d1e
BarrenHardware-epic.usx,8589631b3251eb3894828f12e44764c1
BarrenHardware.usx,2f4473e27b78ad1ca74e4b2146539c23
BastienHardware.usx,02a4e87ce68a39f0efd43083fb561e70
BastienHardware_02.usx,b75bec72ae651226cf6ba1ad4fb549b3
BenMesh01.usx,fdd688b171b0aca72c3fc7068cbcac41
BenMesh02.usx,437e43eb0c48e8a8fea2dbb178b6f687
BenTropicalSM01.usx,02020c5d49bddc08d82abfea59fe9c80
BP_egyptnew.usx,9d4ec3a652ab5831bbc52ba72ba8bcf8
BulldogMeshes.usx,4b8c5adf18abee370748194f00f4599b
cass_staticmesh.usx,2ba270c22cd4698e2313676baf66d4ae
CaveDecoMeshes.usx,8776dbd6db21bae75f0e3d81c78981be
CavernStatic.usx,fef3072d506376a234cfc761b6b51003
CB-Desert1.usx,5b8149ebad339150a3d3fc319602bb15
CB-Desert2.usx,c94f3455d6f46b3bc8f66479ca393a74
CB-StaticMesh.usx,ccd159432ee77340653df61ff1df1a75
CBP2-Pasargadae-SM.usx,3e5a43edb96454163377eff4e09f5105
CBP2-Tropica-SM.usx,50a263648be759556a0f2772ff702530
cf_DE.usx,828cc7d325c18e06f507e491bee99b83
cf_sm01.usx,9455985a215cd22eeb88a487d22a533b
cf_sm02.usx,244ddf5203e1af2289771a81196c290d
cf_static1.usx,4de5542f5a2e64390156ff8252ff7661
cf_staticMushrooms.usx,3deadb5b42a02840b4587f0286247905
Citadel_Static.usx,ea7d86f31c8023ae3edf5fd24fa9c883
Comp.usx,c6f8307c066aed1c7cd3c73aa1ca842f
Corrosion_Hardware.usx,611d00139d275990022c5b745898ef87
cp_enviromesh1.usx,dc55f1fd4d4b90519cff176c9eb614a1
cp_Evil.usx,fd42934b29c0358dcaa052f949b69e28
cp_Evilstatic2.usx,f0917031262ac08931e5b21340fb9869
cp_Mechstaticpack1.usx,2c32d87bdf4357bd79cd9a037ed7ef15
CP_Nightmare1_Epic.usx,72b03107b867b88cfd5ae2681666197c
cp_simplewall_meshs.usx,b82523b0e10c95d004ba2ed89f1321af
cp_stevetest1.usx,2759bda499633e4d443a6547b838c683
CP_UT2K3_TechSetMesh1.usx,c8851ebc56440e3db86f94efa6da3a14
cp_wasteland_mesh.usx,6d1a24c60a3c3a862f3e6f9034bb8994
DanielsMeshes.usx,181cc472282fae42d4ba49fb76440ec3
DEBonusMeshes.usx,31fc6e7e8867011897cedb13847dd1d8
DEBPchecker.usx,743d0fe10d4ca0269c59db01c04fef26
DemoMeshes.usx,43b34ca7db7326b3437705e9436df67e
DESP-MS.usx,c998289f92000f77e3ef9236b5f35bf8
Desp-TelMecoMex.usx,5186d76330f609e468764d99653b2f85
DespFallencity-SM.usx,f6079e9729663102cf7457eb7d0a3fcd
DespTech-STA.usx,df8761d4b1a21746d7e34a173e6ef35e
Desp_SMS-SM.usx,ad88246899de0d011105c95775f5c1c3
DS-staticMeshes.usx,7fed81f9b980efb70e2e602a13d44527
EffectMeshes.usx,7885f0f0f70b031ab9ba57e5d3ff3782
Egypt_techmeshes_Epic.usx,f4881bd21bc6d775f782d972b8c1d3e4
EndGame-New.usx,fdffe2b3b87acc80cc19f72fca38adec
EndStatic.usx,971a57466f1ad0972f7331f2eec56c8c
Epic_November2.usx,4c002992e9bea09e9bf005711b696a7c
epic_phobos.usx,c8e10983143f1c6b328c089541b998b6
E_Pickups.usx,8c03912559e5124dae7f3b73663df28a
Face3_decomeshes.usx,332b57ebd002e9c97639441c40701733
far.usx,310866111540947ae993aa26a16880ba
forest.usx,bd77cd798cd7205b0d46f9467f9bf288
GDC_Meshes.usx,c997e40d50ca1d97cdf51e44144c288c
GeneralStatic.usx,febddebfae65ea3e83255cfbe0665149
GeothermalStatic.usx,94ab803fae6fcf23f57db716a7af3e26
Goose.usx,246e4835f47b627cac6c0b9e93c1c3f9
GroundCover.usx,3ca7535ad5b267fb86ae8788c6e02c5b
GroundCovernew.usx,35f7b496e108e71f8fc6e3242bae3fab
GunMeshes.usx,a7f2f48669753b18c6e091fd82420e09
G_Finalset1_M_CP.usx,346ce09ad1ce9962dae5ca2d89f948a2
HourAdara.usx,0877fe01e125d19b83b8131264207167
HourDinora.usx,27b0455cb59feaf5e9e5f8c47ec3efe7
HourMoriaStatics.usx,226aedbd7cef79f4d909e9acb760450f
HumanoidHardware.usx,d079c40ce6715ee1eb8fdf4900a667d6
IceCliffs.usx,7c6170cda3dcf5d0e2a589cf1aaf7f72
Industrial_Static.usx,5f59e258ce83892a768d7cc6c1b7fe35
jm-staticmeshes.usx,98df9f78a78bd703028e68577d868557
jmalienwellc.usx,6dbeaedf47b24944e668c09af9883359
JumpShipObjects.usx,b7f983ea84c81b91c0b3ae27499f3434
JWAssaultMeshes.usx,704296341c519c0ce979661b964c337b
JWDecember.usx,cc7e4463a6e3e1aefababcc2d75fc77d
jwjanbrushes.usx,30ee6ed4012334919ff57ad5d6ed7086
KarmaShapes.usx,4a31f05820fa659d7f25d20f5bafeca4
LP_Evil1.usx,5e1eb48e058b398c1bc9c35cdf04e20c
LP_Junk.usx,94b8f6d14eaa019d17d8c62aa35b1e60
lp_scene2_m.usx,74226d565b5e2670ed68d202c38779aa
lp_scene3_m.usx,f65fbf5188554a2f28cad3cf3e734bd8
MiscPhysicsMeshes.usx,8fab2d0c677e2ccf046d05d59c0da6aa
MiscStaticMeshes.usx,ad9f6707963b100e470f55c1c7ac5574
NaThAncientPack.usx,5dc2e2d994da89a9e3d7b4fd63919637
NaThSummit.usx,2ca433f422f5e08f06c6f8a061b8174f
NewWeaponPickups.usx,1904cab0958359fac1fa7383f6d1ba11
NewWeaponStatic.usx,f6e4154708474076383345759443fc29
Nirvana.usx,9ebfff0f2a3ac53b8ce310f11a1d9aff
NvidiaLogo_M.usx,fdd230e04b21674e6e8a8047df3226dd
N_StaticMeshFX_M_SC.usx,79c8df4a066934358919a26ca0301d70
ONS-BPJW1.usx,e62eb602c8afb4b3e5e9f1a0acad3d25
ONSDeadVehicles-SM.usx,60f1ece3ac05827701dc5dc3dcf18896
ONSFullStaticMeshes.usx,9c24eae0b7318e7a54f07c6f74fd3a22
ONSstaticMeshVehicles.usx,70282d13b29a92a2ae209e88747c72c8
ONSWeapons-SM.usx,4938e3f4d4e6df9354a704af5d6e276f
ParticleMeshes.usx,95389453cf0ea14fc3fd8e7bf1d79444
PaulsTECH.usx,a84414666a1de4caf78a5ae4d09363d9
PC_ConvoyStatics.usx,fc779bc96ebf55117265f8b8305af990
PC_NewFX.usx,834d131e16f34afb6203b8b644e82a8e
PC_UrbanStatic.usx,602d6afb2fbb891c38c726c77c2de95c
Pipe_Static.usx,3adf3a14071f3c8066dcb00937ae3583
Pipe_staticmeshes.usx,dcb08a5091dc0f66959b29f524b4eaff
PlungeMeshes.usx,2591f035693d13f723aab2d5a676301b
Plutonic_BP2_static.usx,9df56190566fbce3d16ccda72576a5c4
Plutonic_Robot_SM.usx,18a62dde02eed99cf8fc70c721d054a7
Primeval_SM.usx,0889ccd9a1f5985f0ef1e6874457db66
ProcMeshes.usx,800da5b27a533811de5fbbc2ed5045d5
Rahnem_Glacier.usx,821fb358e78c08d02f13b49e28ff47d8
RiseSM.usx,01c314a83138cde9d5acd073b494c7c3
SC-Intro_Meshes.usx,6f9bef64bfb9834404e83a49903f1a06
SC_Beach.usx,595b7946eb34e951b7c9d9f6ec318aae
SC_CityPrefabs.usx,fe97f077765beb2df8ebdd4543699033
SC_FrothStuff.usx,8b9f42b5e662288740678911ec65ae78
SC_GDC_M.usx,05e0c30f08ca8a58aca70a3fbe2b8609
SC_JungleMeshes.usx,6933f6a5c5c6407d27c2acdcfc017618
SC_MeshParticles.usx,55acae5429b80516300a4207c6940624
SC_Volcano_M.usx,a4d2301f54332274b264f92039575b6e
SG_LO_meshes.usx,5108121ee190c79bba7b548cffa70609
SG_Special.usx,207f5ea6bdde404791ffb5a246005e40
sg_UT2003_pickups.usx,eec8c2e9ef42be8fd06c159655c0af6d
ShiptechHardware.usx,2c1a080871773836c902ed96b9c59a49
skyline-meshes-epic.usx,a211c0e70240bf0d20af07fe509ab8b4
Sniper_CustomEE_SM.usx,379957f02c77ec12d349a30bdb1f4744
streamlineforest.usx,ee5b31f1dc83fae6cbf83ae78b5172c2
StreamlineMeshes.usx,b615e304db2994021f5b77697abe1816
StreamlineTakeOff1.usx,f8a72f912d308fce3ce1f54f1be38b9c
str_plant_meshes.usx,2c0898ab591026e0968432054bcda395
SurvivalGuideMeshes.usx,ff43fa9dbe25bbfcdcab9ee52f8f35f4
Tensile_Steel.usx,04a332a68f25fbc879a46f2cac7f95c1
ThorSM.usx,923fde33160d9e2ee7eafbf33c8cf4f7
TowerStatic.usx,39894cfb5030b49184fac9402390eee3
TroffHardware.usx,d411bf251d0094ebadad2f18a818ae31
Trophy_endroom.usx,d578b283b6ec828cc0e4dd60a775f78e
Ty_RocketSMeshes.usx,b8dbcbc3fffd05e312f02f8a58f9d426
UCMP-PCRGun.usx,7869150da9b6c7d04ef3ac6d5538f752
VadamercaMesh.usx,245f9c38af16b6c536e2c5afa5e5f5e4
VehicleMeshes.usx,4f67ba4525137a6aa7d10efe359bed05
VMmeshEmitted.usx,4f291d75a2a246ff04de1cd68600155a
VMruinedVehicles.usx,c63889bdea6ecb35167edb905bd13887
VMStructures.usx,d4ab03c547ad47ecbb99ff298a6f7718
VMWeaponsSM.usx,079f51da8d994a5f227d908f06763983
WarEffectsMeshes.usx,cc1d32a8b293c9521a0e0c01b2ab37a2
WastelandHardware.usx,d2b7f1556c52397ac2e025e15915374e
wb_skorbut_stats.usx,1cd079ddd8d09fc9a80106ad7a48c2d4
WeaponStaticMesh.usx,9bc4eadb224775382aa55464a2f184e5
WM-StaticMesh.usx,cf969d2cfd468534e5ae0c9e9aeaf261
wm_meshes.usx,3d8622c6855d72f5c4d2294b0996771e
XceptOneObjA.usx,671913453d426f5c786587834e4af47b
XGame_StaticMeshes.usx,b56d8877685c2d41ff047200d170a6ac
X_AW-Bridge.usx,b2dbe818e79a7748ca0d0b25fdff2c4b
X_AW-EvilMeshes.usx,740fd51f7e7c82c24d037616b154f9a1
X_AW-MechMeshes.usx,25c808766208a64ce56bab9f3c743fbf
X_AW-Natural.usx,70ae3376bd7204c064cc9356a1a4ac51
X_AW-PhysicMeshes.usx,1ea67e2062a13509d64a548bc869cb81
X_AW-Tech.usx,e2bccabac28cef7a22dd8dc5899994b5
X_BG-FloraGen.usx,5538c1adba686a34bbefc9ba3fbfae77
X_cp_enviromesh1.usx,7a7046817229580b3518f03d248e839d
X_cp_Evil.usx,523fab95334ed5237135b204b3346d14
X_cp_Evilstatic2.usx,2b53c7d83b4ee18d5cb1e00b92baff53
X_cp_simplewall_meshs.usx,75e67fdb3ac767d01f91c0150ec01442
X_cp_stevetest1.usx,d477d5d652d0c457782e2aa838c1d7f7
X_jm-staticmeshes.usx,f8a6fa6a4b8f007f269d70e5daf58773
X_LP_Evil1.usx,54fe76ecf7418d17d07c65d0518f6808
X_lp_scene2_m.usx,1a25a06d1b36fd5c469d7956b139375a
X_lp_scene3_m.usx,0e5d6f6ede7ae7b06a770050e14a24df
X_MiscPhysicsMeshes.usx,69a1f578cc6c9b2257d2470cd8b79c1a
X_SC-MechBase1.usx,89eb702aebe2c8a2a8781062e7091bd4
X_SC-NewMech1.usx,16a834a9241611650c0cdc519567d414
X_SC_CityPrefabs.usx,1a617836696878a6fcf5dc9b47e23a07
X_sg_Evilstatpak1.usx,f9e3958cc6f4804dddc9969b3ab6dba6
X_SG_LO_meshes.usx,0cd0574b307e9e42aa317c459a2cf497
X_sg_Mech_hbrushes.usx,2d92a1db25fe2153452986931e6889c8
X_SG_Special.usx,3980d50ba9af7a73fabdc53a577e433f
AngelItemPhysics.u,14af4c91eabe45ae5c238588dbd9a601
AngelItemPhysics.ucl,4688caf33edad9a62ce2e64fc42a9821
AS-BP2-Acatana.ucl,6e0b19e9e227b712725a3bff89eb835b
AS-BP2-Jumpship.ucl,6eeeb8fcdce35cd197b008a1ac7a0315
AS-BP2-Outback.ucl,9b2b98fbda4f0bf2eba2d791da797336
AS-BP2-SubRosa.ucl,0ab67d1b114aab42dc4365cc300fc38d
AS-BP2-Thrust.ucl,5b1397897a8040fd398b5bd7a20c43ed
AS-CBP2-Thrust.ucl,dbd975c52282133931760834c5584485
AS-UCMP2-Cruciatus.ucl,3f6b726185bb701bfd34aa77af183b49
AS-UCMP3-IslandStrike.ucl,8159c90f493fec71a254432f67ce58da
AssaultBP.u,f28de65fc9ddfe38f1e99d39579b4905
BonusPack.u,f63df930572a211681fb99e64c90cab2
BR-CBP2-Aquarius.ucl,630a092510df26638ee965ee5b605614
BR-CBP2-Bahera.ucl,b287a158079f9a8af28b0d5198318c09
BR-UCMP2-Sublimity.ucl,9f4b367974abba0c92100ccce8304cda
CacheRecords.ucl,06d1e43e203873b39d0d5963d9d3f9ef
Core.u,7c56df7e3b1d3ba9ab22bc2409838c5e
CTF-BP2-Concentrate.ucl,e8d08c3857f580e1198e66be41aa6755
CTF-BP2-Pistola.ucl,38cf9ffe4b0b94840d3c2649faadf45e
CTF-CBP2-Bahera.ucl,7f22bd2934ed523eee8fbee769ff35df
CTF-CBP2-Botanic.ucl,158a3d0eb03fe0322404874b360636fc
CTF-CBP2-Decadence.ucl,ba6bf6e500b902eefbd03030aab8db37
CTF-CBP2-Deep.ucl,9cff4cbb0c469324db1b2e3cf3795959
CTF-CBP2-Gazpacho.ucl,45e3c66134c497ef3a4dfc0f968d27ba
CTF-CBP2-Pistola.ucl,914a1002d3de2739b9e03683a042e9e9
CTF-CBP2-Skorbut.ucl,94d660c9451e8111d26f07d567b81681
CTF-UCMP-Aithanarid.ucl,5e1d313c8d7b4173dddefb4045b318f2
CTF-UCMP-Aquatica.ucl,a84e175a9fa2db15bd9997cd14bdf000
CTF-UCMP-DecaneCaldera.ucl,d017244a319bbb32716834a5aedd084f
CTF-UCMP2-Campgrounds.ucl,c86be99626f684ad111ad4fe79247617
CTF-UCMP2-Enlightenment.ucl,38933302abeea338198a13e13fa2691c
CTF-UCMP2-Orcus.ucl,54946b9bbd8fdca5ca47bcef92b2189d
CTF-UCMP2-RottenCity.ucl,902080230d460c080914f9529d771d6b
CTF-UCMP2-Sublimity.ucl,76f35f779f60939995cd3948600b76e5
CTF-UCMP2-Vadamerca.ucl,29bc1fdb56bc6b1508675c0f0589aa34
CTF-UCMP3-Tidal.ucl,14a274948130310b0fc4a383d4e6c359
CTF-UCMP4-Talya.ucl,b3ace5dc279e5d261c20d1b161dd7f31
CTF-UCMP4-Virility.ucl,ab740ca3b52d5a567411ca06c450b4b5
DM-BP2-Calandras.ucl,e6022f2156264c360c63ebe6f8f08c5a
DM-BP2-GoopGod.ucl,18b3a5ecdf9f57d4a9ac542d5997285b
DM-CBP2-Achilles.ucl,a47315abb7fdf4c44fe9948ad7d38a24
DM-CBP2-Archipelago.ucl,f5eecd56371a7568457d6632b2a11279
DM-CBP2-Azures.ucl,d5967639bcf696e186c1ba429c29dbcc
DM-CBP2-Buliwyf.ucl,af6ce9e9eb2cde5266224e88f67c2b87
DM-CBP2-Drakonis.ucl,889f40a1cbdc82380701b1e1e77b643c
DM-CBP2-Griffin.ucl,17dea53b6c580d86ca83c9d19a4a2402
DM-CBP2-Kadath.ucl,21f5305626fa9407f69749b7a3a1aa7b
DM-CBP2-Kerosene.ucl,e03d7b70ae6a007cbf20f5832eedc3ba
DM-CBP2-Khrono.ucl,e63564ff12f7a2f76b8bf2e568c06b70
DM-CBP2-KillbillyBarn.ucl,c161d5e1c182c77b310dcf965d4cfd92
DM-CBP2-Koma.ucl,d8d2407383c8ae10782341a7446d647d
DM-CBP2-KroujKran.ucl,693ec0c593af636a1eb4e003145a19c8
DM-CBP2-Masurao.ucl,a2713cb862412884afa4700f59cbd11c
DM-CBP2-Meitak.ucl,47cc83e6e5703ab30967d60686d4cbf8
DM-CBP2-Niflheim.ucl,5114aceb8fb2229590d9f61f0be38d22
DM-CBP2-Reconstruct.ucl,d92d646d2b586b717232f530b0610ca6
DM-CBP2-Summit.ucl,bec4d147fcbb5cb15f5f30aabd8c00a4
DM-CBP2-TelMecoMEX.ucl,b67b4ef24fca4c398dcea307e9b0c838
DM-CBP2-Tempest.ucl,26296451c64eb056429118883bdedea2
DM-CBP2-TensileSteel.ucl,c1afb1eb76e92fa5e1fc30fbe932485a
DM-CBP2-Torkenstein.ucl,f1cd0db1031f675811c7b813deacd30c
DM-CBP2-Tydal.ucl,01866a2915fd7ddbbe7af5bf6f60eac0
DM-UCMP-1on1-Derelict.ucl,b518c66d635df4991f3af3f640407346
DM-UCMP-BloodRun.ucl,9fd7c906e18953da867249ba2483f3b0
DM-UCMP-Contrast.ucl,30a0ba054f866778a24d67136281e979
DM-UCMP-ImMortalis.ucl,7e2a49e198f4f5d61b52e35a049a7536
DM-UCMP-PleasantValley.ucl,f538d7361377a74445a363c8f855a2b5
DM-UCMP-RancidMetal.ucl,88b1c05ef901fcca2069655b0d00a2e8
DM-UCMP-ThePits.ucl,60e33065b6d9509890eaa7c2153e58f4
DM-UCMP-Xanadu.ucl,5ecfcc5294e66911f6b3694e9f3843a0
DM-UCMP2-Adamantium.ucl,8e7cbb009c4ae1ce6a19f87f1860ad25
DM-UCMP2-Churn.ucl,509d486f1c6b2ab41e1694e8dca3dd93
DM-UCMP2-Dynarak.ucl,6e209362cb3ea2137f4aa2ab9557e68f
DM-UCMP2-Hieron.ucl,c649158be45493234cc508b7a0371a26
DM-UCMP2-Saiko.ucl,007732bfce8d42b32e4d7262db4f685a
DM-UCMP2-Taron.ucl,bd318df89e4ee170fd3c7a0ec3d8788e
DM-UCMP2-Thebes.ucl,141783d2874fae816bc0490e14ce961b
DM-UCMP3-Altitude.ucl,377cb6d86aca6ddbd05307b69dd685b1
DM-UCMP3-Gantham.ucl,a36bf21296b8f413183bdf9f40ac4ef7
DM-UCMP3-Glorian.ucl,5fb3c91031dd9f6a5ec451d92d018c68
DM-UCMP3-Sympathy.ucl,08ca81ae706d8af47a3616ccce3d417a
DM-UCMP4-Elucidation.ucl,aaeb3278674d5034650d8d9156a59667
DM-UCMP4-Mania.ucl,5b387183ab481ae3b73a9dc3179d7f71
DM-UCMP4-Propaganda.ucl,bd6db27fe3b935fc8a9234fce8c907b3
DM-UCMP4-Speos.ucl,3d05db49ef66c27ff84e60dbe4c7dc0d
DOM-CBP2-Gerroid.ucl,457e8fad73d1b2bd726068fe763b9e64
DOM-CBP2-Summit.ucl,8c1e7eef065f4d983a6fd297328b062b
DOM-UCMP-Cerebral.ucl,b999ca1213b94cdb94eb071f21a7470b
DOM-UCMP2-1on1-Smelter.ucl,e2262bf26c75bdee501fcc0c3122229f
DOM-UCMP2-Meskhenet.ucl,9eaf3ebf947755abe1c699bb5a9a5c67
Editor.u,8691b7d6d30f0e8d55aea36f30c5c0f3
Engine.u,1972d14c57d05ffdc82c51be76c13d29
Fire.u,64ef0e15f9cffcbf367931f69c4c5b46
FullAmmo.u,d56053043547c41c7831a69132812842
FullAmmo.ucl,762b763542ae692fa3b18acd93771b25
GamePlay.u,3dd9b1f931e09b6ed9c0596925077e24
GUI2K4.u,2f8d1294832ac5f3e4f93ebeabf1f391
IpDrv.u,5ca83787542093a1fd90163580022202
ONS-CBP2-Argento.ucl,9a80fbf8c7150023b88346db9cd6eed4
ONS-CBP2-Brassed.ucl,2ffa305179b69f3cb014ddd0a49c2147
ONS-CBP2-Mirage.ucl,fc5c44603cdb3e1aae2c49274cfb78f0
ONS-CBP2-Pasargadae.ucl,e68be02d102d2a569401817ec9a20c32
ONS-CBP2-Tropica.ucl,a7a9aefcd7a25af9bf26e91b6e166ef1
ONS-CBP2-Valarna.ucl,0d7e2e8f788df0380be5e9886ab076e5
ONS-CBP2-Yorda.ucl,049a2bf235163149243641150763360d
ONS-UCMP-ABC-ECE.ucl,82ec631d0e2e113b75fbea1384e75fae
ONS-UCMP-ABC.ucl,f5e2a1dc0ad321b319e23f62ca4fa796
Onslaught.u,19fe213e4fe93b04f63443fc1dc3947c
OnslaughtBP.u,4ea9135f97d97c4cef350c760011265c
OnslaughtBP.ucl,6b114905e91d6bbba1ff94caff447abb
OnslaughtFull.u,ed4a6c9479731fe22ebc3e1f41cda7f6
ProSniperRifleV1.u,b10f5c31876a3b95b3a329dd098dc9c6
ProSniperRifleV1.ucl,40535b5d7e9de77a47587338ac92f53d
SkaarjPack.u,8e060e901a5c61d8d5f2703814aa351b
SkaarjPack_rc.u,efe07099c1454bbc3603bc135b9aaf83
SpiderSteroids.u,c0bd603e2b4faf6b6a51f48485521a60
SpiderSteroids.ucl,978292b49ca70156edcdafb94050b583
StreamLineFX.u,856d5b0876d75b6b9c676b195b5857bb
TargetPractice.u,c94a64da5976a6e92dc5fc73017aaee5
TargetPractice.ucl,730acbcff7df0e09def635ced80c7037
UCMPWeapons.u,099b9b0ca211ed089c6d039c40146036
UCMPWeapons.ucl,fbf68f45fc1aa5985363a76d3af9bce9
UnrealEd.u,19889324d6db28cbfc5c163779c8613e
UnrealGame.u,c3b686458fc25e5b069238ffef56a8bd
UT2k4Assault.u,fc5fe8ee346c285e06078516fdf35968
UT2k4AssaultFull.u,b1beb39b0be7024aabd46b73a4a79eca
UTClassic.u,41c404c2b7d99fdb45c6982fa477b626
UTV2004c.u,36680a4779a6994301c7913e9f298ad7
UTV2004s.u,02425602e908050baa9a32105e9eb9d1
UWeb.u,6116413e82bb2ac4d33ec4da9c40ce68
VCTF-UCMP2-RiverCanyon2.ucl,22629ca2240c4b92db7097d60484b4d9
Vehicles.u,a2f03e3b5295a6349066dc7019642794
XAdmin.u,2f36a67e966b79bb14d28e1e23430757
XEffects.u,8c7eba552a52f232a10c6e74850f0397
XGame.u,dcd6f59ff5bf6ef1e284f454446ba626
XGame_rc.u,cb611de8c984583479992cbdd9d88595
XInterface.u,122c943b76791512fcb2f70f5130cd48
XPickups.u,098f23cba3b593074f98a4d2fc514ab6
XPickups_rc.u,190216a523ccc7a9f03dff263bbd75ee
XVoting.u,fd62ff83dbc37cb2ce3d30a7fb37e4ff
XWeapons.u,fca1b41d868d93624556376fbdc56fea
XWeapons_rc.u,c0bd6d365789738ff453acf2112761f2
XWebAdmin.u,3b9f48fc17408a56db019d227ad91d79
2K4Chargers.utx,c37fb260284ee93248edb7b3b69f1611
2K4Fonts.utx,43023832582fafab42ec5ff2f847962a
2k4Fonts_kot.utx,ac4f705a279170fde9bf40714474cdfc
2K4Hud.utx,0a0fe412aec13df898c2a4343a5c96b5
2K4Menus.utx,afe8f56ef3fe5a7cbe480c26d6e4a2f2
2K4reducedTEXTURES.utx,80f04c55a0f718a68ee161c2922c6a50
2K4TrophyTEX.utx,3475b27b7b899b35dd7c93a3a14fef03
AbaddonArchitecture-epic.utx,5b39d0522a88e0ade733cb8371624942
AbaddonArchitecture.utx,151e5401a9fcb33b9e3dd6e01db09d25
AbaddonHardwareBrush.utx,6825e02fef21bbb3709e1a46be5bd78b
AbaddonTerrain.utx,d65c1b024ac8867d094955749e4c5cef
Albatross_architecture.utx,800df00ed1f50da7523e5eb7373a2729
ALIENTEX.utx,ea631f039a4c890552ddbf80d6d21d19
AlleriaArchitecture.utx,f3ae8880abe03bd4d5b8ca507ac11335
AlleriaHardwareBrush.utx,4405a504e9dc5019164ea3f8e24b63d1
AlleriaTerrain.utx,34b40156b3f03caaa8f27916d4be16ee
AMc-UCMP-Enlightenment-Tex.utx,c150cc8fb77d1fbd26905e0d6bd959c4
Animated.utx,4049e1e7c46b104f791267efdd4e6ad2
AntalusTextures.utx,9d5fa0f3f845fd8ea1e844c447f86b3f
anti_container.utx,7ec9e7d267fac8de5fd0c1b0896b1ea5
AnubisSky.utx,312bbb9d7dc9a8bbbfd80292c38c0cc9
AnubisTextures.utx,9d05aa6c683f318818d73800444e0a1f
Aquatica_Tex.utx,d4689a96ddc64c39f1929528343c00fc
ArboreaArchitecture.utx,4f103f045637e20e80f66a71a55058bb
ArboreaHardwareBrush.utx,6152c4a8b1ba6ba6c9af4b6b83595393
ArboreaTerrain.utx,2bed3992602c623d6d2a6f10a5a5df58
ArenaTex.utx,404a341ee4dc71b79d6e885f39706749
ASSAULTfilmGrain.utx,fe4f10ef48d8280a95301774e26f6166
AS_FX_TX.utx,34f4cf3b29ca61d5869824e84466ed74
AS_Vehicles_TX.utx,27133660a5d76f08a0627e940af78e13
AS_Weapons_TX.utx,5bb3981cde772c461a407bc49c6e66ab
Aurorae.utx,f4a4747b0c3d08844c6e72af28c75326
AW-2004Explosions.utx,b503c82bb295d8c5abc8ffbfde3ec028
AW-2004Particles.utx,c3219a112d492dc848a4d9488601b58c
AW-2004Shaders.utx,761964bcd399c91b1eb7398789e9e54a
AW-2k4XP.utx,2bc86dabfb646d356bbd49a2099ac1c3
AW-Alleria.utx,9f37ccc000cfd146b58a98fa22e1cdf2
AW-Ancient.utx,eee5a85624adafa9670ab8d60b6a4f27
AW-BumpMaps.utx,de5f9522e7997797795fbf2967a65622
AW-CellTest.utx,26e0a283b001551b7f794bacc4151b0f
AW-CityStuff.utx,c576b003fc260b8edfae646b2776cdf1
AW-Clean.utx,260ab7ce1e4b83b89ddb24a1eb423f52
AW-Convert.utx,0e9be8c46053a1f70f3a3af025fa939c
AW-Cubes.utx,46f1cb4e2901c74e678e50b1ead76ede
AW-Decals.utx,e06330ea4462916ecb37296a1f9d3eb1
AW-Foliage.utx,7c3951d7398eaac378ea2bfc3c09f488
AW-Generic.utx,e8510c62f31fa6b9c8755adb06492601
AW-Genesis.utx,ae5298d7635a0c183336da4542503102
AW-Labels.utx,007d818cf51fe34528f32ac8e4d1c13e
AW-Metals.utx,bbc1bfbc5ae6f05e14e323624b12c64c
AW-Metals2.utx,3c5c499b84c2f7169ab92da38b21a5f2
AW-Oceanic.utx,32c7c005e7966e66537a1cbbc25af71c
AW-PoolSkins.utx,7e39e1d1566703f2aa2a9406020e7368
AW-RustTex.utx,61d780df7226120357fdee29fbf5f1b8
AW-Shaders.utx,e42c8dbf41723d59dd1a2a902a45a413
AW-ShieldShaders.utx,a30c185fa6c61f0eb48b70655b8ee394
AW-Stone.utx,0e7073275841d8d1bc4cf9020212ce9b
AW-Stuff.utx,ea683434f506631c048fbae160520b26
AW-Terrain.utx,26c4c16ff706ec7c9b7230e8a7af443e
AWCity.utx,18d90866d153f40611a8f653f203a10c
AWGlobal.utx,9c8e77fa44d0000864fd57080588c3cc
AWMagic.utx,8c8dcb63cebb5d194eb8db85b369e997
AWStellar.utx,e0fd678937acf3a15fcd276d9ce40cdf
AWTroff.utx,96d79ec23da1b6b6bc2e25f674b342d3
AW_Research.utx,8b5fc227d97b486ec4f2d370a73ccf51
BaneTextures.utx,36352225047b7ddd45f37b37b4867e1e
BarrenHardwareDeux.utx,79fe1a56c2c25962230eb4ad6a2d7a9b
BarrensArchitecture-epic.utx,da226a1941d4133acea8dba911878b7b
BarrensArchitecture-Scion.utx,ab73b6d7f72cd8a49985bfac19c87b86
BarrensArchitecture.utx,1daa10a3a341901f26b4a1fd0e691199
BarrensHardwareBrush.utx,70e207a3fcb770cc35ce41d3ab120cda
BarrensTerrain.utx,2a4ca5c1a8c8df0660cf87d68b5d63fb
Bastien.utx,36ddb661418f8bc25cd2157c777f66e7
Bastien_02.utx,f01bbefd697480d0dbeb4b24cc8b968d
BenTex01.utx,31f0041e0f9f6edfe70cc0be597044e5
BenTex02.utx,f513bfc3aded054d96431b4464be26e4
BenTropical01.utx,1b0f08586b08ca922599706ac5246804
BloodFX.utx,e99b79ab663cc2fd110146810c3360f9
BonusParticles.utx,e49340bd4a86eb4769ad618bd1da0361
BP_arch1.utx,8e6a0b78294a7bde8af98807809c91ba
Brdg_A.utx,6b0b8e00bbc948156e70b0ad93e2fe53
Bridge.utx,d654c6c8cb0c743c0d18e711426b5b57
BrightPlayerSkins.utx,a8acbc047a5d37717c067af80e60ea36
cassTextures2.utx,033d8db616e9af086f4ddbd06c74761c
CaveDecoTex.utx,955c15a6fb9ab7a99276a80a30e8d1cb
CavernTextures.utx,cf6dc8d04b15405cfbf4532ce30d3bcd
CB-Particles.utx,2b7f09d7ba4c77b6042ef516d7e8d23c
CBP2-Pasargadae-Tex.utx,0de0c7058495a1e972d84c989ffd1a13
CBP2-Tropica-Tex.utx,369221026779ce1e376e8283e9943c86
CBP2_Aurora.utx,a163f9f822738f22a2264944e36b6ef9
CBP2_Bale.utx,489a162e80df85235b58436226365229
CBP2_Enki.utx,ad6690bdee9b926163683a305ba9531e
CBP2_GothGirlTextures.utx,5014c50193f43509b71e4b763083e829
CBP2_Karaash.utx,d574867d5091a2301639341ab3a2b404
cf1.utx,78df366e764e8353271ea69634cc4eb0
cf2.utx,ceaaa312985c1421f28bcb7f8f5b7bf7
cf_mushrooms.utx,e9fc5a9a268768898067e78e97d1b3c7
cf_tex01.utx,000895d8baf7d6a605fcf26c64aaf0d6
cf_tex02.utx,ad51bf88066b393cca06ff600e95df40
cf_tex03.utx,c0bd53ecfbac6dcb3f6468f911cf885e
CheckerFX.utx,d29fbf1059ffb471cc01d519414c32ef
CheckerFXB.utx,e4a1f434687a0fe0663f77dba80e6194
Chrome_cp.utx,a351333f3d17d3ae5e47a6743b911f0c
CicadaTex.utx,e4a2506b6b6cc7c3437aa529e387eabc
CitadelTextures.utx,8987a1341fc9bf4b72737e6013d57789
CliffTest.utx,9f5768f487f0cf08ac645f222358ae0c
Compress.utx,eb46069a70b1936c5f95543088a44834
Construction_S.utx,ebe36178d4c7a8ef2a930d85ee724cf3
Coronas.utx,2cc9944f0af43b743ca33c3e56be3dd9
CorrosionTextures.utx,5f4b2a4321db7d1c593b7ca6efd36653
cp_cubemaps.utx,d95d02ef130131e0060a0dd9e5f03f85
CP_Effects1.utx,9cd11d9b25e9d16b847039403b1d630e
cp_envirotex1.utx,f84cc3b085fa9f8f8375634af2baad01
cp_Evil2.utx,dedaedacc37a93a5633383fcfd5cade6
cp_Evil3.utx,4cf5eaefaba0e79f57b4b8011245fa38
cp_Evillandscape.utx,56fdc2f8e69b1645b09dbe7d0383cd1c
cp_Evilmetal.utx,b798be243f06def4f581f35100a2d4f3
cp_Forestswamp.utx,399df147d15afb3d072537473855b9fe
cp_fx.utx,4b75221a791b42539f86edbd2536b2a2
cp_Junkyard.utx,b37c50a93b0193e170e2963d1e4fddeb
cp_liquid1.utx,b462c923d17169ac65b3340e36ba2471
cp_Mech1.utx,6291f86f44defb26f8340428544f77ca
cp_misc_effects.utx,e17d716b5b02e6a4a8f16aa4b4fdc3af
cp_newskins1.utx,c0ebe7ca5ae6de954a84db95a62c466a
cp_particles.utx,d752383755734b8f2dcfa3cb90b6b28e
cp_projectedtex.utx,3375426589e8ebecd1692b46b04b4ed9
cp_projected_new.utx,938a92ab70b2a96e7dea0401664afa2d
cp_staticmeshskin1.utx,37e840741d5ed7846cb306b1ba22491c
cp_stevetest1.utx,71045d7e90a3203bc87fab1ce2d4783b
cp_terrain1.utx,e08464cfae5323202ad5420f6bd08cea
cp_texturetest1.utx,83fbd9a2cc99c468469699878567cb40
CP_UT2K3_TechSet1.utx,c52f3629fb68704ec2267bd3eaa1f035
cp_wasteland.utx,7a916fed96945f18ec571164a4bba8b2
Crosshairs.utx,c4f024d2ab3c8a1880b422a723b21e40
CubeMaps.utx,26f80330b30174afedbec985cf4f7b6e
DanFX.utx,f0c0d89f388bcb8206226e5296fb77da
DanielsTextures.utx,c52ad97d834f7b7105e8366c9b3d4929
DavesTextures.utx,3727b944442c19e97969f5e6bc026ade
DEBonusTextures.utx,383150930fe1e17f917e2d57a3300494
December_cp.utx,0a5ef53a1161beea707293bf9c576560
DecorationProjectors.utx,7c9a02c60298849f69604912176a4e96
DefaultFluid.utx,5afebadb06e5eab71cfb10f1b8f4c5f3
DemoPlayerSkins.utx,0304a1347b1ac793adff371d1eeb0968
DeployableTex.utx,c83f7c50c69e71da8918fde6eeba693c
DeRez.utx,180b2ce5b5faed2399a861603dbc1bc8
DespFallenCity.utx,00aeff077b6149c7288b80b417969e24
DespTech.utx,23506f1a1a4f5b5ac79e9ae893f1e33d
DespTel_mecoMEXTEX.utx,119f0fcb5e8a1c3572acf11dbdc89b09
Desp_SMS-Tex.utx,c33aa422eb1c46555021dd1a30c6d21c
Detail.utx,20444b0113878c7e32da9c6e9865da5a
Dom-goose.utx,fdab7ca8b4cbb2674e3a537d8ce45c1e
DS-textures.utx,458e5632dad7c3243a409caa96546dc1
Egypt_tech_Epic.utx,3c05cc1e7228f0456deedd36c8523b22
Elecfeildsshine.utx,faf316deeb89d2855608ea10db41d69c
EmitterTextures.utx,eb1aa3ebe99403008fd3eb27744ff69e
EmitterTextures2.utx,5091648f63a8d7e76a140e3d1268c918
EndTextures.utx,80b4b6e1cb5c5e584e5ddb5746af4ded
EpicParticles.utx,7d02876e648afe0d6b5a8e9102012ac4
Epic_Phoboswing.utx,20b2ee31459497d6575ceae5a5a71a38
ExitScreen.utx,69b897582490e3dfb2bb7f5fb16c5886
ExitScreenNoLogo.utx,56d81ca5373a1e2cdece6bf51a78e39d
ExplosionTex.utx,5a5b9b701cbdcd353c1bd32eaf726ab6
Face3_deco.utx,d640c4f793b1a91c25c6eb13f9d0592c
FarEast.utx,d2c831f3e8262713ed08932ec034f187
FireEngine.utx,d94808aa38bf2e4fc8a3970881df0e8a
Fish.utx,d2f501a6573dd6ab736379e2e0058766
Foliage.utx,ab51422c3cc06e1c117f7e71a808c82a
Fortress.utx,c06bf34f7dfc56dfbf2f599b4aaa3a8a
Futuretech1.utx,41eaef7f7266c9fda8bbe00b245bd8e4
GeneralStaticTextures.utx,f92dc94c6210176cbcfe04758a5ef10d
GeoThermalTextures.utx,8118b45749c3b8f4e8fec98d362945ac
GlacierTextures.utx,1fc0d70e198ae3efc545e835e198ba2d
glumpftextures.utx,accd4b3a5e0c5904c4482a69c0d15ef8
GoldCubes.utx,e6afa8ac4cb7a07650a90e27e3820177
gooseFX.utx,b11c5bcd5c51b25ee669ca5b164966d8
Grendelfix.utx,46a2f313bf3e737889b8339b901fd50a
Gwotseffects.utx,5cc1c9b8ab5c70fdb381c8259cb4f4e0
Gwotstuff.utx,e55ca0b73a455b092fa3314795f75855
HourAdaraTexor.utx,144c0fd25fa6b6b0625ea9955ca490a0
HourDinoraTex.utx,2220044fcf952b13165fa57debefc264
HourMoria.utx,709c13431b6f92fa21eb930f3e9c0d0b
HudContent.utx,de416098c9166aa49f1c62505ccb529e
HumanoidArchitecture.utx,54fd0454b83a77450600455f2b0a4ed1
HumanoidArchitecture2.utx,2497e039b8361a0c67f50a9b9e280e90
HumanoidHardwareBrush.utx,52bf5cf773f4dafc1a3865514b399698
H_E_L_Ltx.utx,1ddb9e90e1dc1f9def7deb6de87e6916
IllumShaders.utx,a0ad835c6825dc8359fb9215116d0283
Imulsive.utx,c305918f8d890a57207ba2a0740d37c9
Industrial.utx,e611d4c44c0370a13df132735c08968e
InstagibEffects.utx,2ad9a3d75051d08aca7e2881b16750c0
InterfaceContent.utx,9689ad715bf16bda9638eb877f16dd01
intro_characters.utx,466d67873cb11aedff3f1fa4dda439d5
JamesEffects.utx,b2fc0c088eb70fd663186825bb38c6e4
jm-particl2.utx,b77d929a1bbd1d3763ba10f9244f0abe
jm-particles.utx,5d3cd5f6717c442ef79a982c44bba6c8
jm-prefabs.utx,7b0aa146eebfc97cd2c34c25d9f4f632
jm-prefabs2.utx,9a3fb037e7e98033a8af435908c817f2
jm_manhatten_project.utx,14998afdc3143fb9e7aaa4e302113b83
JumpShipTextures.utx,50eac2dd51372a9094cc02eb9d09bcf8
jwDecemberArchitecture.utx,7978a57322d3c927ecb989a572321d43
jwfasterfiles.utx,545b8e20b7fa12bed4746236de25132f
jw_jantex.utx,cb82e1585d7bc70162c0e7aa41eae358
LadderShots.utx,4c20495e33e5e9fbc56ea9a227968009
LastManStanding.utx,146a1f0d8ab8cb67dab7d5d56dbc86b1
LavaMLFX.utx,cbfce1d584bf85db88c72bad006df16a
lavaskyX.utx,cafe3167846597805a7471591805b161
LeathamFX.utx,4fe4f36c0f671a703f9dbd4563225b83
Lev_Particles.utx,0f45affe6c43bb1a79f6f24cb3aac0b6
LightningCoreTex.utx,babad90c3d689508191c331708c3cd7c
lp_scene_1_t.utx,aace6b0470aba0255e9eb0bb08a8517c
Malcom_scene3_textures.utx,946dc04f864528cb186051dc75795ac6
MapThumbnails.utx,fa51060a6de1477c5ae69363b5d9c3b3
Mechcity1_CP.utx,2e5f32cee468fa1bd715508a6123c7ff
MechStandard.utx,e8e757d4dd2c02e4b592c2cda040c24b
Mech_decayed.utx,5a41fb1a05eed902edcde46fddf9cb41
Mech_Decay_New.utx,863c4bec5aa51871c57888e97b4d8bcd
MenuEffects.utx,7fa385ddf7274b9fbaa42d418986cb14
MikeDemoLevel.utx,8537b2457a656381ca50685dbc85662c
MiscEpicTex01.utx,70bf7b2940adf3d491a8c36db28d4833
MiscPhysicsMeshesTex.utx,9fc4b2f16ad12ede6ed66d55b0680bcf
MutantSkins.utx,41371626977e1dd0e9613734fe52eed5
MutatorArt.utx,b3bc47bb04256b987d0e5a127c73aee4
NaThCrossfire.utx,7b1d7b61b46aea1f4e267d48259bd3f9
NaThSummit.utx,e1c2f7d02ce73fe0f23a199df62a33f2
NatureFX.utx,f153fcf37f4345e4c54c416d27f7b124
NatureOne.utx,5f53d41ff7b0207c65a888a42b0770fb
newsniperrifle.utx,e5e1f182471e13fe2e74a8cf23fe26a0
NormalMaps.utx,5201f83c276c3d2304a691cbd5fba8a7
November2ship.utx,cf9859c88458b9c33af7f4d48095d560
NvidiaLogo_2.utx,9722185fe05bcab57fb0d6efbbcb2616
NvidiaLogo_T.utx,38f83fd6edccb2ccb8cafbd5413d3da9
n_StaticMeshFX_T_SC.utx,fae4443632f0afa4b7690d8c9b498a38
OldTreeSkins.utx,0f656f8544bd94103cd09994af897dab
ONSBPTextures.utx,6f46f9369fd117da36c742f1d6520cbc
ONSBP_DestroyedVehicles.utx,c03539bf7d723257be31471f51675d6f
ONSDeadVehicles-TX.utx,ebd58e6ded216dd3e65e5a10551c3dd3
ONSFullTextures.utx,08748ee4009e55bef86e07056de98ebe
ONSInterface-TX.utx,72251c1086e09f3fce72fb7c50c47b37
ONSstructureTextures.utx,957a4f26cccb20aa89bdf8a3a6df7fac
ONSTorlanREDONE.utx,a2da920840fdfceb197bf9681c168397
OtherWorld.utx,af0fb83da305121ad9888e4b7ffea75d
Palettes.utx,a65c3c09fe0e20467b934b2d5d0bd357
Particles.utx,e7a1413e09a665080b13df4c2c4f4591
PaulsTex.utx,d9ad32058a6088cd73a618d745918b2f
PC_ConvoyTextures.utx,4035207f9044795d4356c4721b3bafcd
PC_NewWeaponFX.utx,e89bcf22c9353bbe18e36990bf3943d2
PC_UrbanTex.utx,d8b68ad74a179962430f5f099c11c99d
Phobos2_cp.utx,6ecb3e53e794e706cc744abfacf0eeec
PickupSkins.utx,2828ccce77a5695762506ff1f05183ac
PipeTextures.utx,484fc1e05321413bdbc615fde6d40453
Pipe_Set.utx,1b9596713274c2111296bb87048a59f0
PlayerPictures.utx,39237145386806415001cf03e7ee1758
PlayerSkins.utx,40d7c6649855b7f3aedc9b113af6b72e
Plutonic_BP2_textures.utx,236a27c5761d8b844b3a70ef38e2b06e
Plutonic_Robot_TX.utx,e54e1c4bd46f28be32c19f253587a67b
Primeval_Tex.utx,1b9ca867ab4914e6a780103554a94343
PSDria.utx,c00179e61ede5f28192daf01adc2011a
R3tex.utx,e3730407eb4c932f4f122843863388b4
Rimlight.utx,339ef68e6486545b4e5c2aaa93d1a341
SC-City.utx,02faf536af490bcdd2da12e7ec402819
SC_Animated.utx,2c87051a1f8e8ffb21ce5775bfe031e1
SC_BuggyTest.utx,dc4768357c3bbc367a7ee6be5ab119cd
SC_Froth.utx,190520e6470ea58875e0a5b9b6e0fb3c
SC_GDC.utx,82bfd40f91197001aff053d5074ca455
SC_GDC_FX.utx,aa9c13f64d38759be29b8773d37bf922
SC_Intro.utx,c8a8e85fe9984172de27622a893c39c1
SC_Jungle.utx,a3d5f568a0452c8266e58e394df30c65
SC_MeshParticleTex.utx,91eb321ccf3a073abb09776d699e7ea2
SC_Volcano_T.utx,f7db81a5442cd342320ea313fc87a204
SC_Water.utx,814669143fa13b4cca65e0bbb8697b42
SD-Generic.utx,255e9e7a860929c67c7de47ed21d1678
ServerIcons.utx,d61059618aa96cac9a71a383bc803b77
sg-Mech.utx,00a08b05bb2d04dbbdefc39f5ede7ef9
sg_floorsandgrates_alpha.utx,53484a2b16c3984dc04fb2ff6c7dd0ee
SG_Giest_redset.utx,37d563954a2042efe4ae9c44cf5005df
SG_Hud.utx,0b66c04eb277ada6127709ac5e4eb386
SG_Lost_Outpost.utx,95b5df6715fd29be82fe6fcb739e08cb
SG_Special_Decos.utx,7522353694bba12332e9ba01325b4b95
sg_UT2003_Jumpboots.utx,6db07b338f88ad49d5a7c4e217784c19
ShaneDay.utx,42781db56a525d79e7de72f6b326f7e2
ShaneDemoHead.utx,5b8aeec9f19b775f344988d5836a1303
ShaneJungle.utx,921af4b30ddedf5821d9ca6e573db2f6
Shiptech.utx,7356d9d98e92550d1cb01b44d93fef72
Shiptech2.utx,db8688f5cab42362e0a468e89acdc96d
ShiptechHardwareBrush.utx,ec679e422d71997a899620b290fae920
SinglePlayerThumbs.utx,325c2ba3ff747535d8551c238064d4ea
skaarjintrotextures.utx,831dbe511ca7faeb7b6a9408ced185d9
SkaarjPackSkins.utx,f1c007f8beb810752a98229320e311d2
Skies.utx,2bc33d549b91a2b7f03127e89850d502
SkyBox.utx,77711283f716c61c7264a8e0c9f74f8f
skyline-epic.utx,991b9cf6d61b0b4737e69850379c30a5
SkyRenders.utx,0304cee91ee73200bf12e446091ecc7f
StreamlineIntro.utx,1695476760f4419cd800fa966bdde25d
StreamlineTakeOffTex1.utx,f244b19d33be9de8ae035cd7ace64770
streamlinewater.utx,a65634869739c6b17491565ac0e358cd
strplants.utx,c60c527e94206b171c447da8bc17ea14
SurvivalGuideSMskins.utx,dac8ef41ef613f5f5f17c503104f44a7
TeamSymbols.utx,092a545ef6fd575e8910de3bce30c444
TeamSymbols_UT2003.utx,64548091142313ca25d8fd8258354b25
TeamSymbols_UT2004.utx,4b8a59b7ffb6d9952aadd94dab8db4fb
Tensile.utx,2e6ec9e2a87c70dba4f0e22d3cca8a9a
Terrain.utx,0f69b9e0e9d38f424cb6d86c954d260b
Terrain2.utx,01942ce4619e52e98c105f8bebd00119
Terrain_w.utx,c6d109341613a909f3c42f1db136e74a
TowerTerrain.utx,7ac4cc2cc1245d9d9faf04fe50d89bdf
TrophyRoom_END.utx,b2c7873d962b1bd2c46df323c28bd196
TurretParticles.utx,b56bdf0234d6fcfc47019ef4fe81205e
Turrets.utx,601500c1876e4eff5a2349c6918a5388
Ty_RocketTextures.utx,57ee4a47ccccb5b1defaeae272d79ea7
T_Epic2k4BP2.utx,cd5f286410f7495ba61bbacce5029e9b
U2_DetailTextures.utx,ea44e9556fe4273e358a6c0240d32efb
UCGameSpecific.utx,2c0cd6ffd6785d1d40bbbb6da5ae25f7
UCGeneric.utx,76d711d9d49b1058f9cffe9fe648ebc2
UCMP-WeaponSkins.utx,52a876b93483bd8127c3f3339020eead
ULogo.utx,fee7662ddf22a0423c1df4164bc953cd
UT2003Fonts.utx,db3421b060563521b52fd8bebfc79cf7
UT2003Fonts_kot.utx,4c9e21033c9e297d421b48804a02dc73
UT2003Fonts_smt.utx,20f8f92cf1ba6fd0927811a87594ac81
UT2003Fonts_tmt.utx,212d38a35b6fffa78bcdce0c86fbb94b
UT2004ECEPlayerSkins.utx,76ea74bbb952d97be7793d828c1688c3
UT2004PlayerSkins.utx,ab95f210654398ce2f99178ab63a1ac2
UT2004Thumbnails.utx,3a40856e9c0a35f20428a4fc9bbc51ea
UT2004Weapons.utx,a559a8d888ecb60a01813aaf79184245
VadamercaTextures.utx,df4082529d0150e9f6e75dca2987ba01
VehicleFX.utx,15a5c4905e82c26379590d7fc7a9c908
VehicleSkins.utx,e57547a2ea08e14429fff3bbc1dca489
Village.utx,b1d0cb6381b5663cad2e680038a04233
VMdeadVehicles.utx,1d01c7d50090d3aa1ce2eedabcbf1d9a
VMparticleTextures.utx,0456158e458d60d5bf3c4e18467b73ac
VMVehicles-TX.utx,9ec03c97fd06e7f94775f1084f1fa3e6
VMWeaponsTX.utx,b207a20d221493e599d49f37dc68598b
WarEffectsTextures.utx,b6aa12719c5afa1b67e910e47c97b818
WarFx.utx,69d07c8e37b7a08b160e3d01bd46df72
Warroomtech.utx,91c314f957f05dc259b7c8ff3027e9e0
wb_skorbut_tex.utx,32f5c0815686d35fdcfbb44edd440873
WeaponSkins.utx,3887f30764bfcaf01c246af71a6da1d4
WinX.utx,dda179a50747293a320d292d9f9db5dc
wm_misc.utx,69e6e7933ec510b07ce2093b4c00e595
wm_textures.utx,078c1ee361783637c7109a978dd4ffdc
XceptOne.utx,1aeb654ffcbcda8afa8875087a28cea5
XceptThree.utx,70974ada420ec20e40765d00c695f4d9
XceptTwo.utx,ba9ada190312fd64566380113e223e27
XEffectMat.utx,af7f6dc3cc3161de4854da7af7cb9a52
XGameShaders.utx,7e8b7a8c1e1dcf8ecffa36d46a28173c
XGameShaders2004.utx,5fae84392cef40ba259232ca71955d06
xGameShadersB.utx,adf95ad88257ed8c78d569e001b48a60
XGameTextures.utx,b66b1043015966cd50fc33d1677414a5
XMiscEffects.utx,e82db2457e1aaa197c612218f5b07f11
XPlantTextures.utx,b875351969bf94a2af4cb806f8330081
X_Animated.utx,024adfaf9c8ecd02a6751028b0e410f2
X_AW-CellTest.utx,8fb4aaf4c92a395071607575e5f13d67
X_AW-Convert.utx,9b54143f2cd863f775e0152f123d02a1
X_AW-Cubes.utx,c8fe3988d4b34598dc9563ae952402f1
X_AW-MechTex.utx,f8de34abe3f7fcbe5f4190b391680b06
X_AW-Shaders.utx,8e6fc20aa257294a0ecaad449a89c78f
X_BG-FloraGen_tex.utx,bfe77a858f370c90d654d8dda424330e
X_CliffTest.utx,1771b242a4d44e395dc6ac1dad7303b0
X_cp_cubemaps.utx,0d6de7d2f3580f783c4d99a925836e3a
X_cp_envirotex1.utx,d99ec1a147f9712c3a42fcc8536c982c
X_cp_Evil1.utx,46de7512576264b130394c18b159bc50
X_cp_Evil2.utx,3a989f7844a178499710518728172bea
X_cp_Evil3.utx,cdbf72e3280a69e499a8acac10666ae7
X_cp_Evillandscape.utx,66e1d6152059ec3c53391053190c84fb
X_cp_Evilmetal.utx,27261ea91d6a78e94f2a7a8e5ca159a5
X_cp_fx.utx,5cadea953fded766d0271e448815c70d
X_cp_liquid1.utx,1dfe0df48231bd2ff712145ad7a2a65d
X_cp_Mech1.utx,86b877db7c51b00d251cdda6891c5b80
X_cp_particles.utx,ad563e30023e372bf63f0bf97370ea1d
X_cp_projected_new.utx,1aa1f8d72e3c557e4d59beeebdeebf46
X_cp_staticmeshskin1.utx,7a46c078315b3356a5f463652a786199
X_cp_stevetest1.utx,d01229de46605cae62f4872c5da070c0
X_cp_terrain1.utx,6b95261fb75a3e4365f86627cec1c738
X_cp_texturetest1.utx,39a25f75fe13804bdc47446902ffc818
X_DeployableTex.utx,7730c2c09fd5914344a081da9528d28c
X_Foliage.utx,c50339f7945fce2b6e933e743edd27f9
X_Futuretech1.utx,1e1f3d5d6d167e78d458871cb0198931
X_GoldCubes.utx,3bdafc188b9caf4a4a22e05f29885bc0
X_jm-particl2.utx,2f0884d6dfee8b7d05d9a55c11e1236f
X_jm-prefabs.utx,7e7e10d7754afd0cd9170fb3649f210a
X_jm-prefabs2.utx,6162b3a2803e5b1df8440757739e078b
X_jm_manhatten_project.utx,70a96072b1c8b40a5d61c62d4a68ffc8
X_lp_scene_1_t.utx,055d21c220324e881620f534d926da2a
X_Mechcity1_CP.utx,f5e1876c6c112d91582fc7e94e062d83
X_MechStandard.utx,7ed13e02527ca9528c5770b241277f7f
X_Mech_decayed.utx,6aec8933d4de4c00d647052d5096a3a5
X_Mech_Decay_New.utx,5690af30dcb9ec4b61383c69baba596f
X_MiscPhysicsMeshesTex.utx,6b45fe4ff65da759e52e321fdbf75648
X_SC-City.utx,68154ddacabe20be0d0510a95c10882b
X_sg-Mech.utx,ba141eb9a05bbc65636e877a15c0693d
X_sg_Evil1.utx,c46fc7b32c8046db72666c5d140ba3d7
X_sg_floorsandgrates_alpha.utx,8469feba22becd4a77975326cf9abad0
X_SG_Hud.utx,eb4bc78eadd2deec2ec1430f791fe740
X_SG_Lost_Outpost.utx,23141e90d9210e9866e57384f3d48931
X_SG_Special_Decos.utx,96173b3ddfc8bc3957de889aa52c8e36
X_ShaneJungle.utx,a86bc86a879214780a2f95563b5ef647
X_Skies.utx,5ef481f253d64f1d2945efb46fe103f4
X_Terrain2.utx,c6c7bea886cd36ecfac47757feaff1ef
X_WarEffectsTextures.utx,532fb93aedd04fb52c7b078224584bb9
X_WarFx.utx,7a1701e0ab6d7ea79715a7b16808fa16
X_WarMechGunner.utx,4608022337cd1a21c475207dcd667363
X_wm_misc.utx,df72239ce3967bbeb4eb581981297855
